epoch,9.0
coef_det_k,-0.21479764938771775
dense1,512.0
dense2,512.0
dilation2,1.0
dilation3,3.0
dilation4,2.0
dropout1,0.35322834925113306
dropout2,0.36997248516960746
epochs,500.0
filters,128.0
kernel_size1,7.0
kernel_size21,7.0
kernel_size22,7.0
kernel_size31,31.0
kernel_size32,21.0
kernel_size41,11.0
kernel_size42,11.0
loss,70.1450278731283
lr,0.0005
mbatch,32.0
min_delta,0.01
patience,100.0
pool_size1,30.0
res_num,2.0
val_coef_det_k,0.0032454635845548447
val_loss,66.67706320370394
